{"stats":{"minecraft:mined":{"minecraft:deepslate_diamond_ore":3,"minecraft:smoker":1,"minecraft:short_grass":17,"minecraft:grass_block":1,"minecraft:jungle_planks":2,"minecraft:jungle_log":19,"minecraft:lectern":1,"minecraft:sugar_cane":7,"minecraft:wall_torch":1,"minecraft:hay_block":37,"minecraft:furnace":5,"minecraft:gold_block":2,"minecraft:fletching_table":1,"minecraft:bookshelf":8,"minecraft:oak_log":6,"minecraft:coal_ore":60,"minecraft:vine":2,"minecraft:sand":1,"minecraft:dirt":1,"minecraft:stone":28,"minecraft:deepslate":8},"minecraft:used":{"minecraft:water_bucket":4,"minecraft:wooden_pickaxe":23,"minecraft:shield":2,"minecraft:stone_hoe":38,"minecraft:torch":4,"minecraft:dirt":1,"minecraft:crafting_table":2,"minecraft:jungle_planks":2,"minecraft:iron_axe":86,"minecraft:iron_pickaxe":86,"minecraft:jungle_log":1,"minecraft:cobblestone":11,"minecraft:furnace":5,"minecraft:cooked_porkchop":7,"minecraft:bucket":5,"minecraft:egg":1,"minecraft:cooked_beef":1,"minecraft:experience_bottle":1},"minecraft:custom":{"minecraft:interact_with_furnace":32,"minecraft:mob_kills":33,"minecraft:traded_with_villager":1,"minecraft:interact_with_crafting_table":6,"minecraft:leave_game":1,"minecraft:time_since_death":46107,"minecraft:sleep_in_bed":1,"minecraft:climb_one_cm":152,"minecraft:time_since_rest":13597,"minecraft:sprint_one_cm":113626,"minecraft:damage_taken":432,"minecraft:walk_one_cm":71279,"minecraft:damage_blocked_by_shield":45,"minecraft:drop":18,"minecraft:damage_dealt":3750,"minecraft:swim_one_cm":162271,"minecraft:talked_to_villager":3,"minecraft:fly_one_cm":230736,"minecraft:open_chest":13,"minecraft:crouch_one_cm":1275,"minecraft:play_time":46107,"minecraft:sneak_time":954,"minecraft:walk_under_water_one_cm":17845,"minecraft:jump":1056,"minecraft:walk_on_water_one_cm":9458,"minecraft:total_world_time":46107,"minecraft:fall_one_cm":32326},"minecraft:dropped":{"minecraft:stone_hoe":2,"minecraft:porkchop":1,"minecraft:wheat_seeds":2,"minecraft:iron_nugget":4,"minecraft:clock":1,"minecraft:cooked_beef":3,"minecraft:feather":4,"minecraft:rotten_flesh":1,"minecraft:oxeye_daisy":3,"minecraft:filled_map":1,"minecraft:dirt":1,"minecraft:coast_armor_trim_smithing_template":2,"minecraft:wooden_pickaxe":1},"minecraft:crafted":{"minecraft:cooked_beef":14,"minecraft:arrow":16,"minecraft:cooked_porkchop":8,"minecraft:crafting_table":2,"minecraft:wooden_pickaxe":1,"minecraft:cooked_chicken":3,"minecraft:furnace":2,"minecraft:bucket":1,"minecraft:cooked_mutton":4,"minecraft:air":0,"minecraft:jungle_planks":28,"minecraft:shield":1,"minecraft:iron_axe":1,"minecraft:stick":12,"minecraft:iron_ingot":2,"minecraft:iron_pickaxe":1,"minecraft:torch":8,"minecraft:stone_hoe":1},"minecraft:picked_up":{"minecraft:feather":2,"minecraft:chicken":3,"minecraft:jungle_log":18,"minecraft:leather":7,"minecraft:smoker":1,"minecraft:gold_block":2,"minecraft:oak_log":6,"minecraft:gunpowder":2,"minecraft:dirt":2,"minecraft:string":2,"minecraft:coast_armor_trim_smithing_template":2,"minecraft:bone":1,"minecraft:wheat_seeds":2,"minecraft:cobbled_deepslate":7,"minecraft:beef":14,"minecraft:jungle_sapling":1,"minecraft:fletching_table":1,"minecraft:lectern":1,"minecraft:sugar_cane":19,"minecraft:stone_hoe":1,"minecraft:egg":1,"minecraft:furnace":5,"minecraft:book":24,"minecraft:porkchop":13,"minecraft:jungle_planks":2,"minecraft:spider_eye":1,"minecraft:rotten_flesh":1,"minecraft:diamond":1,"minecraft:hay_block":37,"minecraft:mutton":14,"minecraft:coal":149,"minecraft:white_wool":9,"minecraft:cobblestone":30,"minecraft:oxeye_daisy":3},"minecraft:killed":{"minecraft:armadillo":1,"minecraft:pig":5,"minecraft:spider":3,"minecraft:creeper":1,"minecraft:sheep":9,"minecraft:skeleton":1,"minecraft:donkey":3,"minecraft:zombie":1,"minecraft:chicken":3,"minecraft:cow":6}},"DataVersion":3953}