{"stats":{"minecraft:mined":{"minecraft:tuff":8,"minecraft:fire":3,"minecraft:cobbled_deepslate":1,"minecraft:andesite":1,"minecraft:crafting_table":2,"minecraft:granite":8,"minecraft:short_grass":13,"minecraft:acacia_log":2,"minecraft:grass_block":3,"minecraft:dirt":9,"minecraft:tall_grass":4,"minecraft:stone":72,"minecraft:netherrack":1,"minecraft:deepslate":93},"minecraft:broken":{"minecraft:stone_pickaxe":1},"minecraft:used":{"minecraft:stone_sword":60,"minecraft:flint_and_steel":4,"minecraft:stone_pickaxe":151,"minecraft:bread":3,"minecraft:wooden_pickaxe":39,"minecraft:dirt":8,"minecraft:cobblestone":3,"minecraft:crafting_table":1,"minecraft:andesite":1,"minecraft:egg":1,"minecraft:cooked_beef":3,"minecraft:cobbled_deepslate":35,"minecraft:obsidian":2},"minecraft:custom":{"minecraft:time_since_rest":32885,"minecraft:damage_taken":218,"minecraft:sprint_one_cm":108265,"minecraft:walk_one_cm":58884,"minecraft:mob_kills":19,"minecraft:drop":5,"minecraft:damage_dealt":1916,"minecraft:swim_one_cm":10640,"minecraft:interact_with_crafting_table":2,"minecraft:fly_one_cm":209176,"minecraft:open_chest":3,"minecraft:crouch_one_cm":684,"minecraft:play_time":32885,"minecraft:sneak_time":734,"minecraft:walk_under_water_one_cm":874,"minecraft:jump":809,"minecraft:leave_game":1,"minecraft:time_since_death":32885,"minecraft:walk_on_water_one_cm":1233,"minecraft:total_world_time":32885,"minecraft:fall_one_cm":26575},"minecraft:crafted":{"minecraft:crafting_table":1,"minecraft:stick":8,"minecraft:stone_pickaxe":3,"minecraft:stone_sword":1,"minecraft:acacia_planks":8},"minecraft:dropped":{"minecraft:stone_hoe":1,"minecraft:wheat_seeds":5,"minecraft:jungle_sapling":1},"minecraft:picked_up":{"minecraft:wooden_axe":1,"minecraft:crafting_table":1,"minecraft:cooked_beef":3,"minecraft:clock":1,"minecraft:andesite":1,"minecraft:leather":2,"minecraft:acacia_log":2,"minecraft:wooden_pickaxe":1,"minecraft:porkchop":34,"minecraft:tuff":8,"minecraft:dirt":12,"minecraft:diamond":2,"minecraft:wheat_seeds":5,"minecraft:cobbled_deepslate":93,"minecraft:beef":5,"minecraft:armadillo_scute":2,"minecraft:granite":8,"minecraft:jungle_sapling":1,"minecraft:netherrack":1,"minecraft:stone_hoe":1,"minecraft:cobblestone":72,"minecraft:egg":1},"minecraft:killed":{"minecraft:pig":17,"minecraft:cow":2}},"DataVersion":3953}