{"stats":{"minecraft:used":{"minecraft:stone_sword":9,"minecraft:bread":3,"minecraft:stone_pickaxe":149,"minecraft:wooden_pickaxe":39,"minecraft:dirt":8,"minecraft:cobblestone":3,"minecraft:crafting_table":1,"minecraft:andesite":1,"minecraft:egg":1,"minecraft:cooked_beef":1},"minecraft:picked_up":{"minecraft:wooden_axe":1,"minecraft:crafting_table":1,"minecraft:cooked_beef":3,"minecraft:clock":1,"minecraft:andesite":1,"minecraft:wooden_pickaxe":1,"minecraft:acacia_log":2,"minecraft:porkchop":5,"minecraft:tuff":8,"minecraft:dirt":12,"minecraft:diamond":2,"minecraft:wheat_seeds":4,"minecraft:cobbled_deepslate":93,"minecraft:granite":8,"minecraft:jungle_sapling":1,"minecraft:stone_hoe":1,"minecraft:cobblestone":72,"minecraft:egg":1},"minecraft:dropped":{"minecraft:stone_hoe":1,"minecraft:wheat_seeds":4,"minecraft:jungle_sapling":1},"minecraft:killed":{"minecraft:pig":4},"minecraft:custom":{"minecraft:time_since_rest":20122,"minecraft:sprint_one_cm":38588,"minecraft:damage_taken":198,"minecraft:walk_one_cm":41988,"minecraft:mob_kills":4,"minecraft:drop":4,"minecraft:damage_dealt":416,"minecraft:swim_one_cm":1722,"minecraft:interact_with_crafting_table":2,"minecraft:fly_one_cm":72878,"minecraft:crouch_one_cm":418,"minecraft:play_time":20122,"minecraft:sneak_time":664,"minecraft:walk_under_water_one_cm":239,"minecraft:jump":302,"minecraft:time_since_death":20122,"minecraft:walk_on_water_one_cm":710,"minecraft:total_world_time":20122,"minecraft:fall_one_cm":8017},"minecraft:mined":{"minecraft:tuff":8,"minecraft:cobbled_deepslate":1,"minecraft:andesite":1,"minecraft:crafting_table":2,"minecraft:granite":8,"minecraft:short_grass":3,"minecraft:acacia_log":2,"minecraft:grass_block":3,"minecraft:dirt":9,"minecraft:stone":72,"minecraft:deepslate":93},"minecraft:crafted":{"minecraft:crafting_table":1,"minecraft:stick":8,"minecraft:stone_pickaxe":3,"minecraft:stone_sword":1,"minecraft:acacia_planks":8},"minecraft:broken":{"minecraft:stone_pickaxe":1}},"DataVersion":3953}