{"stats":{"minecraft:used":{"minecraft:cooked_mutton":5,"minecraft:wooden_axe":37,"minecraft:melon_slice":3,"minecraft:oak_planks":1,"minecraft:wooden_pickaxe":40,"minecraft:bell":1,"minecraft:cooked_chicken":3,"minecraft:crafting_table":2,"minecraft:furnace":2,"minecraft:cobbled_deepslate":2,"minecraft:dandelion":1},"minecraft:picked_up":{"minecraft:crafting_table":2,"minecraft:feather":1,"minecraft:chicken":3,"minecraft:jungle_log":1,"minecraft:leather":2,"minecraft:torch":2,"minecraft:dandelion":1,"minecraft:filled_map":1,"minecraft:porkchop":6,"minecraft:oak_log":4,"minecraft:dirt":21,"minecraft:rotten_flesh":2,"minecraft:wheat_seeds":5,"minecraft:cobbled_deepslate":4,"minecraft:bell":1,"minecraft:melon_slice":34,"minecraft:oxeye_daisy":2,"minecraft:mutton":9,"minecraft:oak_planks":1,"minecraft:white_wool":4,"minecraft:cobblestone":11,"minecraft:furnace":2},"minecraft:dropped":{"minecraft:oxeye_daisy":1},"minecraft:killed":{"minecraft:sheep":4,"minecraft:armadillo":1,"minecraft:zombie":2,"minecraft:pig":3,"minecraft:chicken":4,"minecraft:creeper":1},"minecraft:custom":{"minecraft:time_since_rest":24817,"minecraft:interact_with_furnace":17,"minecraft:sprint_one_cm":110704,"minecraft:damage_taken":290,"minecraft:walk_one_cm":53763,"minecraft:mob_kills":15,"minecraft:drop":1,"minecraft:damage_dealt":1664,"minecraft:fly_one_cm":226990,"minecraft:interact_with_crafting_table":4,"minecraft:crouch_one_cm":5570,"minecraft:play_time":24817,"minecraft:bell_ring":20,"minecraft:sneak_time":1852,"minecraft:jump":899,"minecraft:leave_game":1,"minecraft:time_since_death":24817,"minecraft:climb_one_cm":32,"minecraft:total_world_time":24817,"minecraft:fall_one_cm":30144},"minecraft:mined":{"minecraft:furnace":2,"minecraft:wheat":2,"minecraft:dandelion":1,"minecraft:crafting_table":2,"minecraft:short_grass":53,"minecraft:grass_block":8,"minecraft:oak_log":4,"minecraft:melon":7,"minecraft:vine":2,"minecraft:jungle_log":1,"minecraft:dirt":17,"minecraft:tall_grass":6,"minecraft:wall_torch":1,"minecraft:deepslate":2,"minecraft:stone":13,"minecraft:oxeye_daisy":1,"minecraft:fern":2,"minecraft:oak_leaves":4},"minecraft:crafted":{"minecraft:oak_planks":16,"minecraft:crafting_table":1,"minecraft:stick":4,"minecraft:wooden_pickaxe":1,"minecraft:cooked_chicken":3,"minecraft:wooden_axe":1,"minecraft:furnace":1,"minecraft:cooked_mutton":5,"minecraft:air":0,"minecraft:jungle_planks":4},"minecraft:broken":{"minecraft:wooden_axe":1}},"DataVersion":3953}