{"stats":{"minecraft:used":{"minecraft:cooked_mutton":4,"minecraft:stone_pickaxe":48,"minecraft:wooden_pickaxe":14,"minecraft:jungle_boat":3,"minecraft:dirt":1,"minecraft:crafting_table":4,"minecraft:wooden_axe":7,"minecraft:apple":1,"minecraft:stone_axe":40,"minecraft:fire_charge":1,"minecraft:golden_sword":35,"minecraft:oak_sapling":2,"minecraft:furnace":2,"minecraft:cooked_porkchop":6,"minecraft:egg":1,"minecraft:cooked_beef":1},"minecraft:picked_up":{"minecraft:wooden_axe":2,"minecraft:crafting_table":4,"minecraft:jungle_boat":3,"minecraft:feather":7,"minecraft:chicken":5,"minecraft:andesite":1,"minecraft:jungle_log":15,"minecraft:salmon":7,"minecraft:leather":1,"minecraft:wooden_pickaxe":1,"minecraft:string":1,"minecraft:dirt":1,"minecraft:raw_copper":6,"minecraft:coast_armor_trim_smithing_template":2,"minecraft:bone":4,"minecraft:apple":1,"minecraft:wheat_seeds":1,"minecraft:bell":1,"minecraft:beef":1,"minecraft:sugar_cane":20,"minecraft:furnace":2,"minecraft:egg":1,"minecraft:raw_iron":10,"minecraft:porkchop":6,"minecraft:spider_eye":1,"minecraft:arrow":6,"minecraft:rotten_flesh":11,"minecraft:bone_meal":1,"minecraft:oak_sapling":2,"minecraft:mutton":8,"minecraft:coal":27,"minecraft:white_wool":5,"minecraft:cobblestone":18},"minecraft:dropped":{"minecraft:wheat_seeds":1,"minecraft:rotten_flesh":11,"minecraft:wooden_axe":3,"minecraft:coast_armor_trim_smithing_template":2,"minecraft:wooden_pickaxe":2,"minecraft:bell":1},"minecraft:killed":{"minecraft:pig":4,"minecraft:salmon":7,"minecraft:spider":2,"minecraft:sheep":5,"minecraft:skeleton":7,"minecraft:zombie":5,"minecraft:chicken":4,"minecraft:drowned":1,"minecraft:enderman":1,"minecraft:cow":1},"minecraft:custom":{"minecraft:interact_with_furnace":33,"minecraft:mob_kills":37,"minecraft:interact_with_crafting_table":4,"minecraft:bell_ring":12,"minecraft:leave_game":1,"minecraft:time_since_death":28270,"minecraft:climb_one_cm":483,"minecraft:time_since_rest":28270,"minecraft:sprint_one_cm":92439,"minecraft:damage_taken":915,"minecraft:walk_one_cm":51295,"minecraft:drop":11,"minecraft:damage_dealt":4698,"minecraft:swim_one_cm":26541,"minecraft:fly_one_cm":166980,"minecraft:open_chest":1,"minecraft:crouch_one_cm":1650,"minecraft:play_time":28270,"minecraft:sneak_time":655,"minecraft:walk_under_water_one_cm":7468,"minecraft:boat_one_cm":25012,"minecraft:jump":735,"minecraft:walk_on_water_one_cm":5426,"minecraft:total_world_time":28270,"minecraft:fall_one_cm":24103},"minecraft:mined":{"minecraft:jungle_leaves":1,"minecraft:crafting_table":3,"minecraft:short_grass":6,"minecraft:grass_block":1,"minecraft:jungle_log":15,"minecraft:copper_ore":3,"minecraft:sugar_cane":8,"minecraft:furnace":2,"minecraft:iron_ore":10,"minecraft:fire":1,"minecraft:andesite":1,"minecraft:bell":1,"minecraft:coal_ore":27,"minecraft:vine":1,"minecraft:stone":18,"minecraft:oak_leaves":5},"minecraft:crafted":{"minecraft:cooked_beef":1,"minecraft:cooked_porkchop":6,"minecraft:crafting_table":1,"minecraft:jungle_boat":1,"minecraft:wooden_pickaxe":1,"minecraft:cooked_chicken":2,"minecraft:furnace":1,"minecraft:cooked_salmon":7,"minecraft:copper_ingot":3,"minecraft:stone_axe":1,"minecraft:cooked_mutton":8,"minecraft:air":0,"minecraft:jungle_planks":60,"minecraft:stick":8,"minecraft:stone_pickaxe":1,"minecraft:wooden_axe":1},"minecraft:broken":{"minecraft:golden_sword":1}},"DataVersion":3953}