{"stats":{"minecraft:mined":{"minecraft:jungle_leaves":1,"minecraft:crafting_table":3,"minecraft:short_grass":9,"minecraft:grass_block":1,"minecraft:jungle_log":15,"minecraft:copper_ore":3,"minecraft:lapis_ore":4,"minecraft:sugar_cane":10,"minecraft:furnace":2,"minecraft:iron_ore":10,"minecraft:fire":1,"minecraft:andesite":1,"minecraft:pumpkin":19,"minecraft:bell":1,"minecraft:coal_ore":58,"minecraft:vine":1,"minecraft:dirt":1,"minecraft:stone":18,"minecraft:oak_leaves":5},"minecraft:broken":{"minecraft:golden_sword":1},"minecraft:custom":{"minecraft:interact_with_furnace":33,"minecraft:mob_kills":41,"minecraft:interact_with_crafting_table":4,"minecraft:bell_ring":12,"minecraft:leave_game":4,"minecraft:time_since_death":43036,"minecraft:climb_one_cm":483,"minecraft:time_since_rest":43036,"minecraft:sprint_one_cm":129569,"minecraft:damage_taken":965,"minecraft:walk_one_cm":67533,"minecraft:drop":12,"minecraft:damage_dealt":5470,"minecraft:swim_one_cm":26541,"minecraft:talked_to_villager":2,"minecraft:fly_one_cm":216383,"minecraft:open_chest":1,"minecraft:crouch_one_cm":3929,"minecraft:play_time":43036,"minecraft:sneak_time":1323,"minecraft:walk_under_water_one_cm":7468,"minecraft:boat_one_cm":25012,"minecraft:jump":957,"minecraft:walk_on_water_one_cm":5426,"minecraft:total_world_time":43036,"minecraft:fall_one_cm":31688},"minecraft:used":{"minecraft:cooked_mutton":7,"minecraft:stone_pickaxe":83,"minecraft:wooden_pickaxe":14,"minecraft:cooked_chicken":1,"minecraft:jungle_boat":4,"minecraft:dirt":2,"minecraft:crafting_table":4,"minecraft:wooden_axe":7,"minecraft:apple":1,"minecraft:stone_axe":67,"minecraft:golden_sword":35,"minecraft:fire_charge":1,"minecraft:furnace":2,"minecraft:oak_sapling":2,"minecraft:cooked_porkchop":6,"minecraft:andesite":1,"minecraft:egg":1,"minecraft:cooked_beef":1,"minecraft:pumpkin":12},"minecraft:dropped":{"minecraft:wheat_seeds":2,"minecraft:rotten_flesh":11,"minecraft:wooden_axe":3,"minecraft:coast_armor_trim_smithing_template":2,"minecraft:wooden_pickaxe":2,"minecraft:bell":1},"minecraft:crafted":{"minecraft:cooked_beef":1,"minecraft:cooked_porkchop":6,"minecraft:crafting_table":1,"minecraft:jungle_boat":1,"minecraft:wooden_pickaxe":1,"minecraft:cooked_chicken":2,"minecraft:furnace":1,"minecraft:cooked_salmon":7,"minecraft:copper_ingot":3,"minecraft:stone_axe":1,"minecraft:cooked_mutton":8,"minecraft:air":0,"minecraft:jungle_planks":60,"minecraft:stick":8,"minecraft:stone_pickaxe":1,"minecraft:wooden_axe":1},"minecraft:picked_up":{"minecraft:wooden_axe":2,"minecraft:crafting_table":4,"minecraft:jungle_boat":4,"minecraft:feather":7,"minecraft:chicken":5,"minecraft:andesite":1,"minecraft:salmon":7,"minecraft:jungle_log":15,"minecraft:leather":4,"minecraft:wooden_pickaxe":1,"minecraft:dirt":2,"minecraft:lapis_lazuli":27,"minecraft:string":1,"minecraft:raw_copper":6,"minecraft:coast_armor_trim_smithing_template":2,"minecraft:bone":5,"minecraft:apple":1,"minecraft:wheat_seeds":2,"minecraft:bell":1,"minecraft:beef":4,"minecraft:sugar_cane":25,"minecraft:egg":1,"minecraft:furnace":2,"minecraft:raw_iron":10,"minecraft:pumpkin":19,"minecraft:porkchop":6,"minecraft:spider_eye":1,"minecraft:arrow":7,"minecraft:rotten_flesh":11,"minecraft:bone_meal":1,"minecraft:oak_sapling":2,"minecraft:mutton":8,"minecraft:coal":58,"minecraft:white_wool":5,"minecraft:cobblestone":20},"minecraft:killed":{"minecraft:pig":4,"minecraft:salmon":7,"minecraft:spider":2,"minecraft:sheep":5,"minecraft:skeleton":8,"minecraft:zombie":5,"minecraft:chicken":4,"minecraft:drowned":1,"minecraft:enderman":2,"minecraft:cow":3}},"DataVersion":3953}